{
  "lang":"en",
  "name":"pipeline",
  "version":"0.0.0",
  "spacy_version":">=3.6.1,<3.7.0",
  "description":"",
  "author":"",
  "email":"",
  "url":"",
  "license":"",
  "spacy_git_version":"458bc5f45",
  "vectors":{
    "width":0,
    "vectors":0,
    "keys":0,
    "name":null,
    "mode":"default"
  },
  "labels":{
    "textcat_multilabel":[
      "label_adres",
      "label_anulacja",
      "label_brak",
      "label_dostawa",
      "label_faktura",
      "label_inne",
      "label_niekompletne",
      "label_op\u00f3\u017anienie",
      "label_paczka",
      "label_ponowna",
      "label_przesy\u0142ka",
      "label_refund",
      "label_reklamacja",
      "label_uszkodzony",
      "label_wysy\u0142ka",
      "label_zapytanie",
      "label_zwrot"
    ]
  },
  "pipeline":[
    "textcat_multilabel"
  ],
  "components":[
    "textcat_multilabel"
  ],
  "disabled":[

  ],
  "performance":{
    "cats_score":0.9352721313,
    "cats_score_desc":"macro AUC",
    "cats_micro_p":0.9292604502,
    "cats_micro_r":0.6358635864,
    "cats_micro_f":0.7550620509,
    "cats_macro_p":0.9173083706,
    "cats_macro_r":0.6089934115,
    "cats_macro_f":0.7056424268,
    "cats_macro_auc":0.9352721313,
    "cats_f_per_type":{
      "label_adres":{
        "p":0.9189189189,
        "r":0.7727272727,
        "f":0.8395061728
      },
      "label_anulacja":{
        "p":0.984,
        "r":0.897810219,
        "f":0.9389312977
      },
      "label_brak":{
        "p":0.875,
        "r":0.6363636364,
        "f":0.7368421053
      },
      "label_dostawa":{
        "p":0.8,
        "r":0.2133333333,
        "f":0.3368421053
      },
      "label_faktura":{
        "p":1.0,
        "r":0.9487179487,
        "f":0.9736842105
      },
      "label_inne":{
        "p":1.0,
        "r":0.2631578947,
        "f":0.4166666667
      },
      "label_niekompletne":{
        "p":0.9069767442,
        "r":0.619047619,
        "f":0.7358490566
      },
      "label_op\u00f3\u017anienie":{
        "p":1.0,
        "r":0.6923076923,
        "f":0.8181818182
      },
      "label_paczka":{
        "p":0.9626168224,
        "r":0.64375,
        "f":0.7715355805
      },
      "label_ponowna":{
        "p":0.8823529412,
        "r":0.4838709677,
        "f":0.625
      },
      "label_przesy\u0142ka":{
        "p":0.8837209302,
        "r":0.6229508197,
        "f":0.7307692308
      },
      "label_refund":{
        "p":0.9130434783,
        "r":0.7835820896,
        "f":0.843373494
      },
      "label_reklamacja":{
        "p":0.8913043478,
        "r":0.5694444444,
        "f":0.6949152542
      },
      "label_uszkodzony":{
        "p":0.8604651163,
        "r":0.6271186441,
        "f":0.7254901961
      },
      "label_wysy\u0142ka":{
        "p":0.8461538462,
        "r":0.0839694656,
        "f":0.1527777778
      },
      "label_zapytanie":{
        "p":0.964028777,
        "r":0.858974359,
        "f":0.9084745763
      },
      "label_zwrot":{
        "p":0.9056603774,
        "r":0.6357615894,
        "f":0.7470817121
      }
    },
    "textcat_multilabel_loss":2.5286766801
  }
}