{
  "lang":"en",
  "name":"pipeline",
  "version":"0.0.0",
  "spacy_version":">=3.6.1,<3.7.0",
  "description":"",
  "author":"",
  "email":"",
  "url":"",
  "license":"",
  "spacy_git_version":"458bc5f45",
  "vectors":{
    "width":0,
    "vectors":0,
    "keys":0,
    "name":null,
    "mode":"default"
  },
  "labels":{
    "textcat_multilabel":[
      "label_adres",
      "label_anulacja",
      "label_brak",
      "label_dostawa",
      "label_faktura",
      "label_inne",
      "label_niekompletne",
      "label_op\u00f3\u017anienie",
      "label_paczka",
      "label_ponowna",
      "label_przesy\u0142ka",
      "label_refund",
      "label_reklamacja",
      "label_uszkodzony",
      "label_wysy\u0142ka",
      "label_zapytanie",
      "label_zwrot"
    ]
  },
  "pipeline":[
    "textcat_multilabel"
  ],
  "components":[
    "textcat_multilabel"
  ],
  "disabled":[

  ],
  "performance":{
    "cats_score":0.9363145985,
    "cats_score_desc":"macro AUC",
    "cats_micro_p":0.8631303209,
    "cats_micro_r":0.6962493397,
    "cats_micro_f":0.7707602339,
    "cats_macro_p":0.8913588943,
    "cats_macro_r":0.6598521996,
    "cats_macro_f":0.7366982145,
    "cats_macro_auc":0.9363145985,
    "cats_f_per_type":{
      "label_adres":{
        "p":0.958677686,
        "r":0.8169014085,
        "f":0.8821292776
      },
      "label_anulacja":{
        "p":0.968,
        "r":0.9097744361,
        "f":0.9379844961
      },
      "label_brak":{
        "p":0.8645833333,
        "r":0.6693548387,
        "f":0.7545454545
      },
      "label_dostawa":{
        "p":0.8292682927,
        "r":0.231292517,
        "f":0.3617021277
      },
      "label_faktura":{
        "p":1.0,
        "r":0.9325153374,
        "f":0.9650793651
      },
      "label_inne":{
        "p":1.0,
        "r":0.25,
        "f":0.4
      },
      "label_niekompletne":{
        "p":0.8222222222,
        "r":0.5873015873,
        "f":0.6851851852
      },
      "label_op\u00f3\u017anienie":{
        "p":0.96875,
        "r":0.7045454545,
        "f":0.8157894737
      },
      "label_paczka":{
        "p":0.9456521739,
        "r":0.6492537313,
        "f":0.7699115044
      },
      "label_ponowna":{
        "p":0.8823529412,
        "r":0.5555555556,
        "f":0.6818181818
      },
      "label_przesy\u0142ka":{
        "p":0.8857142857,
        "r":0.5636363636,
        "f":0.6888888889
      },
      "label_refund":{
        "p":0.9417475728,
        "r":0.8083333333,
        "f":0.869955157
      },
      "label_reklamacja":{
        "p":0.8648648649,
        "r":0.578313253,
        "f":0.6931407942
      },
      "label_uszkodzony":{
        "p":0.8684210526,
        "r":0.6168224299,
        "f":0.7213114754
      },
      "label_wysy\u0142ka":{
        "p":0.5391304348,
        "r":0.8551724138,
        "f":0.6613333333
      },
      "label_zapytanie":{
        "p":0.9669421488,
        "r":0.8068965517,
        "f":0.8796992481
      },
      "label_zwrot":{
        "p":0.8467741935,
        "r":0.6818181818,
        "f":0.7553956835
      }
    },
    "textcat_multilabel_loss":2.4196708178
  }
}