{
  "lang":"en",
  "name":"pipeline",
  "version":"0.0.0",
  "spacy_version":">=3.6.1,<3.7.0",
  "description":"",
  "author":"",
  "email":"",
  "url":"",
  "license":"",
  "spacy_git_version":"458bc5f45",
  "vectors":{
    "width":0,
    "vectors":0,
    "keys":0,
    "name":null,
    "mode":"default"
  },
  "labels":{
    "textcat_multilabel":[
      "label_adres",
      "label_anulacja",
      "label_brak",
      "label_dostawa",
      "label_faktura",
      "label_inne",
      "label_niekompletne",
      "label_op\u00f3\u017anienie",
      "label_paczka",
      "label_ponowna",
      "label_przesy\u0142ka",
      "label_refund",
      "label_reklamacja",
      "label_uszkodzony",
      "label_wysy\u0142ka",
      "label_zapytanie",
      "label_zwrot"
    ]
  },
  "pipeline":[
    "textcat_multilabel"
  ],
  "components":[
    "textcat_multilabel"
  ],
  "disabled":[

  ],
  "performance":{
    "cats_score":0.9342203697,
    "cats_score_desc":"macro AUC",
    "cats_micro_p":0.8766368022,
    "cats_micro_r":0.699669967,
    "cats_micro_f":0.778219639,
    "cats_macro_p":0.8969451633,
    "cats_macro_r":0.6615873697,
    "cats_macro_f":0.7416359639,
    "cats_macro_auc":0.9342203697,
    "cats_f_per_type":{
      "label_adres":{
        "p":0.9279279279,
        "r":0.7803030303,
        "f":0.8477366255
      },
      "label_anulacja":{
        "p":0.9919354839,
        "r":0.897810219,
        "f":0.9425287356
      },
      "label_brak":{
        "p":0.8791208791,
        "r":0.6611570248,
        "f":0.7547169811
      },
      "label_dostawa":{
        "p":0.7142857143,
        "r":0.2,
        "f":0.3125
      },
      "label_faktura":{
        "p":1.0,
        "r":0.9487179487,
        "f":0.9736842105
      },
      "label_inne":{
        "p":1.0,
        "r":0.2631578947,
        "f":0.4166666667
      },
      "label_niekompletne":{
        "p":0.9069767442,
        "r":0.619047619,
        "f":0.7358490566
      },
      "label_op\u00f3\u017anienie":{
        "p":1.0,
        "r":0.6923076923,
        "f":0.8181818182
      },
      "label_paczka":{
        "p":0.9568965517,
        "r":0.69375,
        "f":0.8043478261
      },
      "label_ponowna":{
        "p":0.85,
        "r":0.5483870968,
        "f":0.6666666667
      },
      "label_przesy\u0142ka":{
        "p":0.9268292683,
        "r":0.6229508197,
        "f":0.7450980392
      },
      "label_refund":{
        "p":0.9075630252,
        "r":0.8059701493,
        "f":0.8537549407
      },
      "label_reklamacja":{
        "p":0.8854166667,
        "r":0.5902777778,
        "f":0.7083333333
      },
      "label_uszkodzony":{
        "p":0.8717948718,
        "r":0.5762711864,
        "f":0.693877551
      },
      "label_wysy\u0142ka":{
        "p":0.5422885572,
        "r":0.8320610687,
        "f":0.656626506
      },
      "label_zapytanie":{
        "p":0.9779411765,
        "r":0.8525641026,
        "f":0.9109589041
      },
      "label_zwrot":{
        "p":0.9090909091,
        "r":0.6622516556,
        "f":0.7662835249
      }
    },
    "textcat_multilabel_loss":1.9447343164
  }
}