{
  "lang":"en",
  "name":"pipeline",
  "version":"0.0.0",
  "spacy_version":">=3.6.1,<3.7.0",
  "description":"",
  "author":"",
  "email":"",
  "url":"",
  "license":"",
  "spacy_git_version":"458bc5f45",
  "vectors":{
    "width":0,
    "vectors":0,
    "keys":0,
    "name":null,
    "mode":"default"
  },
  "labels":{
    "textcat_multilabel":[
      "label_adres",
      "label_anulacja",
      "label_brak",
      "label_dostawa",
      "label_faktura",
      "label_inne",
      "label_niekompletne",
      "label_op\u00f3\u017anienie",
      "label_paczka",
      "label_ponowna",
      "label_przesy\u0142ka",
      "label_refund",
      "label_reklamacja",
      "label_uszkodzony",
      "label_wysy\u0142ka",
      "label_zapytanie",
      "label_zwrot"
    ]
  },
  "pipeline":[
    "textcat_multilabel"
  ],
  "components":[
    "textcat_multilabel"
  ],
  "disabled":[

  ],
  "performance":{
    "cats_score":0.9354902315,
    "cats_score_desc":"macro AUC",
    "cats_micro_p":0.9172989378,
    "cats_micro_r":0.6386687797,
    "cats_micro_f":0.7530364372,
    "cats_macro_p":0.9055653787,
    "cats_macro_r":0.6189998724,
    "cats_macro_f":0.7134765498,
    "cats_macro_auc":0.9354902315,
    "cats_f_per_type":{
      "label_adres":{
        "p":0.9416666667,
        "r":0.7957746479,
        "f":0.8625954198
      },
      "label_anulacja":{
        "p":0.968,
        "r":0.9097744361,
        "f":0.9379844961
      },
      "label_brak":{
        "p":0.8913043478,
        "r":0.6612903226,
        "f":0.7592592593
      },
      "label_dostawa":{
        "p":0.8125,
        "r":0.2653061224,
        "f":0.4
      },
      "label_faktura":{
        "p":1.0,
        "r":0.9386503067,
        "f":0.9683544304
      },
      "label_inne":{
        "p":1.0,
        "r":0.3333333333,
        "f":0.5
      },
      "label_niekompletne":{
        "p":0.8125,
        "r":0.619047619,
        "f":0.7027027027
      },
      "label_op\u00f3\u017anienie":{
        "p":0.96875,
        "r":0.7045454545,
        "f":0.8157894737
      },
      "label_paczka":{
        "p":0.9278350515,
        "r":0.671641791,
        "f":0.7792207792
      },
      "label_ponowna":{
        "p":0.875,
        "r":0.5185185185,
        "f":0.6511627907
      },
      "label_przesy\u0142ka":{
        "p":0.8857142857,
        "r":0.5636363636,
        "f":0.6888888889
      },
      "label_refund":{
        "p":0.9223300971,
        "r":0.7916666667,
        "f":0.8520179372
      },
      "label_reklamacja":{
        "p":0.8761904762,
        "r":0.5542168675,
        "f":0.6789667897
      },
      "label_uszkodzony":{
        "p":0.8461538462,
        "r":0.6168224299,
        "f":0.7135135135
      },
      "label_wysy\u0142ka":{
        "p":0.8333333333,
        "r":0.1034482759,
        "f":0.1840490798
      },
      "label_zapytanie":{
        "p":0.9666666667,
        "r":0.8,
        "f":0.8754716981
      },
      "label_zwrot":{
        "p":0.8666666667,
        "r":0.6753246753,
        "f":0.7591240876
      }
    },
    "textcat_multilabel_loss":2.0361289817
  }
}